Workbook
Name Slicer_Order_Date: #N/A
Name Slicer_Product: #N/A

Sheet Raw_Data
A1: Column1 | B1: Order_Date | C1: Product | D1: Category | E1: Region | F1: Salesperson | G1: Quantity | H1: Unit_Price | I1: revenue
A2: 1001 | B2: 46023 | C2: Laptop | D2: Electronics | E2: Hyderabad | F2: Ravi | G2: 2 | H2: 45000 | I2: =G2*H2 -> 90000
A3: 1002 | B3: 46025 | C3: Mouse | D3: Accessories | E3: Chennai | F3: Priya | G3: 5 | H3: 800 | I3: =G3*H3 -> 4000
A4: 1003 | B4: 46027 | C4: Keyboard | D4: Accessories | E4: Bangalore | F4: Arun | G4: 3 | H4: 1500 | I4: =G4*H4 -> 4500
A5: 1004 | B5: 46030 | C5: Monitor | D5: Electronics | E5: Hyderabad | F5: Sneha | G5: 2 | H5: 12000 | I5: =G5*H5 -> 24000
A6: 1005 | B6: 46034 | C6: Laptop | D6: Electronics | E6: Mumbai | F6: Kiran | G6: 1 | H6: 45000 | I6: =G6*H6 -> 45000
A7: 1006 | B7: 46037 | C7: Headphones | D7: Accessories | E7: Chennai | F7: Ravi | G7: 4 | H7: 2500 | I7: =G7*H7 -> 10000
A8: 1007 | B8: 46040 | C8: Keyboard | D8: Accessories | E8: Hyderabad | F8: Priya | G8: 6 | H8: 1500 | I8: =G8*H8 -> 9000
A9: 1008 | B9: 46044 | C9: Monitor | D9: Electronics | E9: Bangalore | F9: Arun | G9: 3 | H9: 12000 | I9: =G9*H9 -> 36000
A10: 1009 | B10: 46047 | C10: Mouse | D10: Accessories | E10: Mumbai | F10: Sneha | G10: 8 | H10: 800 | I10: =G10*H10 -> 6400
A11: 1010 | B11: 46050 | C11: Laptop | D11: Electronics | E11: Chennai | F11: Kiran | G11: 2 | H11: 45000 | I11: =G11*H11 -> 90000
A12: 1011 | B12: 46055 | C12: Monitor | D12: Electronics | E12: Hyderabad | F12: Ravi | G12: 4 | H12: 12000 | I12: =G12*H12 -> 48000
A13: 1012 | B13: 46058 | C13: Mouse | D13: Accessories | E13: Bangalore | F13: Priya | G13: 7 | H13: 800 | I13: =G13*H13 -> 5600
... A51: 1050 | B51: 46171 | C51: Headphones | D51: Accessories | E51: Chennai | F51: Kiran | G51: 7 | H51: 2500 | I51: =G51*H51 -> 17500

Sheet monthly_analysis
A3: Row Labels | B3: Sum of revenue
A4: Jan | B4: 318900
A5: Feb | B5: 261600
A6: Mar | B6: 343800
A7: Apr | B7: 290300
A8: May | B8: 366900
A9: Grand Total | B9: 1581500

Sheet product analysis
A3: Row Labels | B3: Sum of revenue
A4: Laptop | B4: 945000
A5: Monitor | B5: 336000
A6: Headphones | B6: 135000
A7: Keyboard | B7: 85500
A8: Mouse | B8: 80000
A9: Grand Total | B9: 1581500

Sheet region_sales data
A3: Row Labels | B3: Sum of revenue
A4: Bangalore | B4: 344000
A5: Chennai | B5: 357700
A6: Hyderabad | B6: 389100
A7: Mumbai | B7: 490700
A8: Grand Total | B8: 1581500

Sheet sales_persondata
A3: Row Labels | B3: Sum of revenue
A4: Arun | B4: 231500
A5: Kiran | B5: 246000
A6: Priya | B6: 230600
A7: Ravi | B7: 757000
A8: Sneha | B8: 116400
A9: Grand Total | B9: 1581500

Sheet clean_data
A1: Column1 | B1: Order_Date | C1: Product | D1: Category | E1: Region | F1: Salesperson | G1: Quantity | H1: Unit_Price | I1: revenue
A2: 1001 | B2: 46023 | C2: Laptop | D2: Electronics | E2: Hyderabad | F2: Ravi | G2: 2 | H2: 45000 | I2: =G2*H2 -> 90000
A3: 1002 | B3: 46025 | C3: Mouse | D3: Accessories | E3: Chennai | F3: Priya | G3: 5 | H3: 800 | I3: =G3*H3 -> 4000
A4: 1003 | B4: 46027 | C4: Keyboard | D4: Accessories | E4: Bangalore | F4: Arun | G4: 3 | H4: 1500 | I4: =G4*H4 -> 4500
A5: 1004 | B5: 46030 | C5: Monitor | D5: Electronics | E5: Hyderabad | F5: Sneha | G5: 2 | H5: 12000 | I5: =G5*H5 -> 24000
A6: 1005 | B6: 46034 | C6: Laptop | D6: Electronics | E6: Mumbai | F6: Kiran | G6: 1 | H6: 45000 | I6: =G6*H6 -> 45000
A7: 1006 | B7: 46037 | C7: Headphones | D7: Accessories | E7: Chennai | F7: Ravi | G7: 4 | H7: 2500 | I7: =G7*H7 -> 10000
A8: 1007 | B8: 46040 | C8: Keyboard | D8: Accessories | E8: Hyderabad | F8: Priya | G8: 6 | H8: 1500 | I8: =G8*H8 -> 9000
A9: 1008 | B9: 46044 | C9: Monitor | D9: Electronics | E9: Bangalore | F9: Arun | G9: 3 | H9: 12000 | I9: =G9*H9 -> 36000
A10: 1009 | B10: 46047 | C10: Mouse | D10: Accessories | E10: Mumbai | F10: Sneha | G10: 8 | H10: 800 | I10: =G10*H10 -> 6400
A11: 1010 | B11: 46050 | C11: Laptop | D11: Electronics | E11: Chennai | F11: Kiran | G11: 2 | H11: 45000 | I11: =G11*H11 -> 90000
A12: 1011 | B12: 46055 | C12: Monitor | D12: Electronics | E12: Hyderabad | F12: Ravi | G12: 4 | H12: 12000 | I12: =G12*H12 -> 48000
A13: 1012 | B13: 46058 | C13: Mouse | D13: Accessories | E13: Bangalore | F13: Priya | G13: 7 | H13: 800 | I13: =G13*H13 -> 5600
... A51: 1050 | B51: 46171 | C51: Headphones | D51: Accessories | E51: Chennai | F51: Kiran | G51: 7 | H51: 2500 | I51: =G51*H51 -> 17500
A52: =SUBTOTAL(103,cleansalesdata[Column1]) -> 50 | F52: =SUBTOTAL(103,cleansalesdata[Salesperson]) -> 50 | G52: =SUBTOTAL(109,cleansalesdata[Quantity]) -> 260 | H52: =SUBTOTAL(103,cleansalesdata[Unit_Price]) -> 50 | I52: =SUBTOTAL(109,cleansalesdata[revenue]) -> 1581500

Sheet analysis
A1: Sales Performance Analysis
A3: Total Revenue | B3: =SUM(cleansalesdata[revenue]) -> 1581500
A4: total orders | B4: 50
A5: total quantity sold | B5: =SUM(cleansalesdata[Quantity]) -> 260
A6: Average Order Value | B6: =B3/B4 -> 31630
A7: top revenue product | B7: laptop
A8: top product revenue | B8: 945000

Sheet sales_dashboard
A1: SALES REVENUE DASHBOARD
B4: =analysis!A3 -> Total Revenue | E4: =analysis!A4 -> total orders | H4: =analysis!A5 -> total quantity sold | K4: =analysis!A6 -> Average Order Value
B5: =analysis!B3 -> 1581500 | E5: =analysis!B4 -> 50 | H5: =analysis!B5 -> 260 | K5: =analysis!B6 -> 31630
